,awardeeName,count
801,Regents of the University of Michigan - Ann Arbor,133
775,Purdue University,130
1166,University of Wisconsin-Madison,128
1162,University of Washington,125
398,Georgia Tech Research Corporation,125
74,Arizona State University,123
764,Pennsylvania State Univ University Park,117
1040,University of California-Berkeley,110
1053,University of Colorado at Boulder,110
1072,University of Illinois at Urbana-Champaign,110
1187,Virginia Polytechnic Institute and State University,109
1151,University of Texas at Austin,108
699,North Carolina State University,108
259,Cornell University,107
1061,University of Florida,99
197,Carnegie-Mellon University,98
249,Columbia University,97
605,Massachusetts Institute of Technology,91
1093,University of Minnesota-Twin Cities,85
1051,University of Chicago,83
1084,"University of Maryland, College Park",83
1045,University of California-San Diego,81
619,Michigan State University,81
705,Northeastern University,81
493,Johns Hopkins University,79
1043,University of California-Los Angeles,78
1059,University of Delaware,75
691,New York University,73
930,Stanford University,73
1042,University of California-Irvine,72
1101,University of Nebraska-Lincoln,70
1159,University of Utah,69
482,Iowa State University,68
1041,University of California-Davis,68
140,Brown University,64
719,"OHIO STATE UNIVERSITY, THE",64
299,Duke University,62
1237,Yale University,62
773,Princeton University,62
968,Texas A&M University,61
827,Rutgers University New Brunswick,61
476,Indiana University,61
1034,University of Arizona,61
1065,University of Hawaii,60
1220,William Marsh Rice University,60
1141,University of Southern California,60
1161,University of Virginia Main Campus,59
1085,University of Massachusetts Amherst,59
1111,University of North Carolina at Chapel Hill,58
1070,University of Illinois at Chicago,57
1048,University of California-Santa Barbara,56
1124,University of Pennsylvania,55
738,Oregon State University,55
1044,University of California-Riverside,54
390,George Mason University,53
83,Auburn University,51
247,Colorado State University,50
1182,Vanderbilt University,48
1138,University of South Carolina at Columbia,48
231,Clemson University,47
1063,University of Georgia Research Foundation Inc,47
279,Dartmouth College,47
554,Louisiana State University,46
1122,University of Oklahoma Norman Campus,45
1074,University of Iowa,45
1147,University of Tennessee Knoxville,45
1056,University of Connecticut,44
1120,University of Notre Dame,42
1226,Woods Hole Oceanographic Institution,41
363,Florida State University,41
713,Northwestern University,40
1123,University of Oregon Eugene,40
181,California Institute of Technology,40
1076,University of Kentucky Research Foundation,40
966,Texas A&M Engineering Experiment Station,40
1028,University of Alabama Tuscaloosa,40
1106,University of New Mexico,39
1200,Washington University,39
1067,University of Houston,39
866,SUNY at Buffalo,38
685,New Jersey Institute of Technology,38
989,The University of Central Florida Board of Trustees,37
1125,University of Pittsburgh,37
1049,University of California-Santa Cruz,37
1228,Worcester Polytechnic Institute,36
1008,Trustees of Boston University,35
867,SUNY at Stony Brook,34
1075,University of Kansas Center for Research Inc,33
1199,Washington State University,33
714,Northwestern University at Chicago,33
407,Gordon Research Conferences,32
1131,University of Rhode Island,32
1152,University of Texas at Dallas,31
943,Syracuse University,31
1095,University of Missouri-Columbia,31
1140,University of South Florida,30
1133,University of Rochester,30
734,Oklahoma State University,30
818,Rochester Institute of Tech,29
126,Boise State University,29
391,George Washington University,29
1046,University of California-San Diego Scripps Inst of Oceanography,28
246,Colorado School of Mines,28
1032,University of Alaska Fairbanks Campus,28
1079,University of Maine,26
620,Michigan Technological University,26
1009,Tufts University,25
1209,West Virginia University Research Corporation,25
201,Case Western Reserve University,25
1104,University of New Hampshire,24
1118,University of North Texas,24
1035,University of Arkansas,24
865,SUNY at Binghamton,24
1091,University of Miami,24
805,Rensselaer Polytechnic Institute,23
1171,University of Wyoming,23
543,Lehigh University,23
1186,Virginia Commonwealth University,23
975,Texas Tech University,23
129,Boston College,22
332,Emory University,22
934,Stevens Institute of Technology,22
1112,University of North Carolina at Charlotte,22
433,Harvard University,22
800,Regents of the University of Idaho,22
1150,University of Texas at Arlington,22
992,The University of Texas Rio Grande Valley,21
706,Northern Arizona University,21
638,Montana State University,21
124,"Board of Regents, NSHE, obo University of Nevada, Reno",21
688,New Mexico State University,21
1080,University of Maryland Baltimore County,21
361,Florida International University,20
107,Baylor University,20
1052,University of Cincinnati Main Campus,20
505,Kansas State University,19
961,Temple University,19
880,San Diego State University Foundation,19
1160,University of Vermont & State Agricultural College,19
634,Missouri University of Science and Technology,19
136,Brigham Young University,19
1038,University of California - Merced,19
631,Mississippi State University,18
917,Southern Methodist University,18
1102,University of Nevada Las Vegas,17
397,"Georgia State University Research Foundation, Inc.",17
864,SUNY at Albany,17
1010,Tulane University,17
974,Texas State University - San Marcos,16
1154,University of Texas at San Antonio,16
1087,University of Massachusetts Lowell,16
1030,University of Alabama in Huntsville,16
1094,University of Mississippi,16
1153,University of Texas at El Paso,15
1022,University Corporation For Atmospheric Res,15
1176,Utah State University,15
298,Drexel University,15
242,College of William and Mary,15
1137,University of South Alabama,14
358,Florida Atlantic University,14
1098,University of Montana,14
472,Illinois Institute of Technology,14
1185,Villanova University,14
1078,University of Louisville Research Foundation Inc,14
1127,University of Puerto Rico Mayaguez,13
913,South Dakota State University,13
707,Northern Illinois University,13
912,South Dakota School of Mines and Technology,13
697,North Carolina Agricultural & Technical State University,13
1100,University of Nebraska at Omaha,13
1086,University of Massachusetts Boston,13
392,Georgetown University,13
59,American Museum Natural History,13
1090,University of Memphis,12
671,National Academy of Sciences,12
1077,University of Louisiana at Lafayette,12
1115,University of North Dakota Main Campus,12
645,Morgan State University,12
735,Old Dominion University Research Foundation,12
598,Marshall University Research Corporation,11
963,Tennessee Technological University,11
189,California State University-Long Beach Foundation,11
357,Florida Agricultural and Mechanical University,11
1029,University of Alabama at Birmingham,10
769,Prairie View A & M University,10
396,"Georgia Southern University Research and Service Foundation, Inc",10
824,Rowan University,10
768,Portland State University,10
1214,Western Michigan University,10
1055,University of Colorado at Denver,10
672,National Bureau of Economic Research Inc,9
596,Marquette University,9
1130,University of Puerto Rico-Rio Piedras,9
135,Brandeis University,9
1027,University of Akron,9
360,Florida Institute of Technology,9
329,Embry-Riddle Aeronautical University,9
1167,University of Wisconsin-Milwaukee,9
875,Saint Louis University,9
508,Kennesaw State University Research and Service Foundation,9
486,Jackson State University,9
881,San Francisco State University,9
640,Montclair State University,8
683,"Nevada System of Higher Education, Desert Research Institute",8
1143,University of Southern Mississippi,8
1158,University of Tulsa,8
1157,University of Toledo,8
509,Kent State University,8
560,Loyola University of Chicago,8
729,Oakland University,8
64,American University,8
701,North Dakota State University Fargo,8
687,New Mexico Institute of Mining and Technology,8
168,CUNY City College,8
962,Tennessee State University,8
970,Texas A&M University Corpus Christi,8
1060,University of Denver,8
1047,University of California-San Francisco,8
183,California Polytechnic State University Foundation,8
1062,University of Georgia,8
229,Clarkson University,7
1229,Wright State University,7
618,Miami University,7
71,Appalachian State University,7
1194,Wake Forest University,7
1024,University Enterprises Corporation at CSUSB,7
1013,Tuskegee University,7
1031,University of Alaska Anchorage Campus,7
317,East Carolina University,7
882,San Jose State University Foundation,7
444,Howard University,7
471,Idaho State University,7
841,SETI Institute,7
828,Rutgers University Newark,7
803,Regents of the University of Michigan - Flint,7
211,Chapman University,7
972,Texas Christian University,7
285,Delaware State University,7
1068,University of Houston - Clear Lake,7
125,Board of Trustees of Illinois State University,7
119,Bigelow Laboratory for Ocean Sciences,7
802,Regents of the University of Michigan - Dearborn,6
556,Louisiana Tech University,6
675,National Opinion Research Center,6
690,New York Institute of Technology,6
54,American Geophysical Union,6
78,"Associated Universities, Inc.",6
1188,Virginia State University,6
736,Oregon Health & Science University,6
1223,Winston-Salem State University,6
234,Cleveland State University,6
142,Bryn Mawr College,6
436,Hawaii Pacific University,6
1146,University of Tennessee Chattanooga,6
132,Bowling Green State University,6
916,Southern Illinois University at Carbondale,6
884,Santa Clara University,6
1089,"University of Massachusetts, Dartmouth",6
874,Saint John's University,6
1081,University of Maryland Center for Environmental Sciences,6
488,James Madison University,6
387,Gallaudet University,6
965,Texas A&M AgriLife Research,6
166,CSU Fullerton Auxiliary Services Corporation,6
172,CUNY Hunter College,6
1097,University of Missouri-Saint Louis,6
1215,Western Washington University,6
195,Carleton College,5
227,Clark University,5
847,SPACE SCIENCE INSTITUTE,5
730,Oberlin College,5
42,Alabama State University,5
413,Grand Valley State University,5
145,CAL POLY HUMBOLDT SPONSORED PROGRAMS FOUNDATION,5
942,Swarthmore College,5
415,Grinnell College,5
143,Bucknell University,5
294,Donald Danforth Plant Science Center,5
177,"Cal Poly Pomona Foundation, Inc.",5
251,Computing Research Association,5
1092,University of Minnesota Duluth,5
1088,University of Massachusetts Medical School,5
1116,University of North Florida,5
1139,University of South Dakota Main Campus,5
988,"The University Corporation, Northridge",5
908,Smithsonian Institution Astrophysical Observatory,5
904,Smith College,5
862,SUNY College of Environmental Science and Forestry,5
1206,Wesleyan University,5
1217,Wichita State University,5
1227,"Woodwell Climate Research Center, Inc.",5
613,Meharry Medical College,4
1233,Xavier University of Louisiana,4
680,Naval Postgraduate School,4
885,Santa Fe Institute,4
1210,WestEd,4
1099,University of Nebraska Medical Center,4
1103,University of New England,4
169,CUNY College of Staten Island,4
186,"California State University, East Bay Foundation, Inc.",4
592,Marine Biological Laboratory,4
559,Loyola Marymount University,4
65,Amherst College,4
31,Aaniiih Nakoda College,4
1109,University of North Carolina Greensboro,4
226,Clark Atlanta University,4
190,California State University-Stanislaus,4
984,The Quilt,4
429,Hampton University,4
434,Harvey Mudd College,4
890,Scripps College,4
364,Fordham University,4
284,DePaul University,4
239,College of Charleston,4
1207,West Chester University of Pennsylvania,4
1222,Williams College,4
1135,University of San Diego,4
926,St Jude Children's Research Hospital,4
928,St Mary's University San Antonio,4
428,Hamilton College,4
1017,USENIX Association,4
863,SUNY Polytechnic Institute,4
877,Saint Olaf College,4
174,CUNY Queens College,4
216,Chicago State University,4
196,Carnegie Institution of Washington,4
494,Johnson C. Smith University,4
1026,University Industry Demonstration Partnership,4
848,SRI International,4
1050,University of Central Oklahoma,4
57,American Institutes for Research in the Behavioral Sciences,4
506,Kean University,4
541,Lawrence Technological University,4
1173,University of the Pacific,4
575,MGH Institute of Health Professions,4
41,Alabama A&M University,4
104,Bates College,4
470,Icahn School of Medicine at Mount Sinai,4
621,Middle Tennessee State University,3
633,Missouri State University,3
639,Montana Technological University,3
167,CUNY Brooklyn College,3
225,Claremont McKenna College,3
223,Citadel Military College of South Carolina,3
1105,University of New Haven,3
319,Eastern Michigan University,3
300,Duquesne University,3
1096,University of Missouri-Kansas City,3
1020,United States Naval Academy,3
1082,University of Maryland Eastern Shore,3
1025,"University Enterprises, Incorporated",3
1033,University of Alaska Southeast Juneau Campus,3
731,Occidental College,3
55,American Institute of Chemical Engineers,3
709,Northern Virginia Community College,3
588,Madison Area Technical College,3
612,Medical College of Wisconsin,3
767,Pomona College,3
203,Catholic University of America,3
200,"Cary Institute of Ecosystem Studies, Inc.",3
797,Rand Corporation,3
776,QUALITY EDUCATION FOR MINORITIES NETWORK,3
774,Providence College,3
819,Rocky Mountain Biological Laboratory,3
1175,Ursinus College,3
98,BSCS Science Learning,3
510,Kentucky Community & Technical College System,3
514,Kettering University,3
1119,University of North Texas Health Science Center at Fort Worth,3
857,SUNY College at Old Westbury,3
131,Bowie State University,3
263,Creighton University,3
986,The Scripps Research Institute,3
1001,Towson University,3
907,Smithsonian Institution,3
435,Haverford College,3
369,Franklin and Marshall College,3
888,Science Museum of Minnesota,3
105,Battelle Memorial Institute,3
1019,Union College,3
892,Seattle University,3
366,Fort Lewis College,3
455,IMPACT ALLIES INC,3
442,Hope College,3
245,Colorado College,3
971,Texas A&M University-San Antonio,3
951,THE ALLEN INSTITUTE FOR ARTIFICIAL INTELLIGENCE,3
960,"Teachers College, Columbia University",3
919,Southern University,3
918,Southern Oregon University,3
927,St Mary's College of Maryland,3
411,Grambling State University,3
373,Furman University,3
400,Gettysburg College,3
210,Central Washington University,3
238,Colgate University,3
243,College of the Holy Cross,3
46,Allegheny College,3
1205,Wentworth Institute of Tech,3
1208,West Texas A&M University,3
1244,qBraid Co.,2
1243,"hammonds, trajan",2
1242,Zaiput Flow Technologies LLC,2
1239,Yeshiva University,2
644,Morehouse School of Medicine,2
643,Morehouse College,2
642,Moravian University,2
641,Monterey Institute For Research in Astronomy,2
36,Aerodyne Research Inc,2
34,Adelphi University,2
24,ARTYC PBC,2
23,ARKANSAS RESEARCH ALLIANCE,2
51,American Association for the Advancement of Science,2
50,American Association for Aerosol Research,2
617,Miami Dade College,2
20,AQUA SCIENCE LLC,2
16,"ANEURISK, INC.",2
13,AMERICAN PRIME SUSTAINABLE SOLUTIONS LLC,2
9,"AERIS WATER TECHNOLOGIES, LLC",2
283,"Davis, Caroline",2
282,Davidson College,2
1134,University of Saint Mary,2
1132,University of Richmond,2
1129,University of Puerto Rico at Aguadilla,2
163,CRYPTO ASSET TECHNOLOGY LABS INC,2
395,Georgia Piedmont Technical College,2
130,Bowdoin College,2
127,"Booth, Katherine Williams",2
123,"Blazanin, Michael",2
141,"Brown, Tyler A",2
139,"Broomandkhoshbacht, Nasreen Zeeba",2
952,THERAPEUTIC BANDAGE PRODUCTS LLC,2
948,TERC Inc,2
946,TAU OPTICS INC.,2
941,Sustainable Horizons Institute,2
936,"Stryker, Douglas John",2
933,Stephen F. Austin State University,2
420,HAWAII SCIENCE AND TECHNOLOGY MUSEUM,2
419,"HARRISBURG UNIVERSITY OF SCIENCE AND TECHNOLOGY, THE",2
418,"H-BAR INSTRUMENTS, LLC",2
925,St Joseph's University,2
924,Spartanburg Community College,2
922,Southwest Research Institute,2
921,Southern Utah University,2
103,Barnard College,2
1156,University of The Virgin Islands,2
1155,University of Texas at Tyler,2
1144,University of St. Thomas,2
1142,University of Southern Maine,2
375,GALLOX SEMICONDUCTORS INC.,2
978,The Chicago School of Professional Psychology,2
977,Texas Woman's University,2
134,"Brakensiek, Joshua",2
133,Bradley University,2
261,Cossatot Technical College,2
1069,University of Houston - Downtown,2
1066,University of Hawaii at Hilo,2
1064,University of Guam,2
290,Development Gateway,2
289,Des Moines University,2
288,Department of Energy,2
431,"Harmon, Emily",2
427,"Hamchand, Randy",2
426,"Hafner, Elena S",2
423,HYFI LLC,2
452,IHNNOVA LLC,2
446,Hudson Valley Community College,2
445,"Huang, Brice",2
910,"Socolof, Michaela",2
1005,Trinity University,2
991,The University of Texas Health Science Center at Houston,2
987,The Texas A&M University System,2
985,The Salk Institute for Biological Studies,2
981,The College of New Jersey,2
370,Fraunhofer USA Center for Coatings and Diamond Technologies,2
365,Fort Hays State University,2
362,Florida Polytechnic University,2
379,GIANT BIOSYSTEMS INC.,2
905,"Smith, Jason D",2
901,Sinclair Community College,2
465,IONA UNIVERSITY,2
464,INTERNET2,2
456,"INAEDIS, INC",2
891,Sea Education Association,2
889,Scientific Committee on Oceanic Research (SCOR),2
883,"Sangiovanni Vincentelli, Marco Antonio",2
876,Saint Michael's College,2
873,Saint Augustine's College,2
483,JSTOR,2
481,Internet Society,2
480,Internationales Institut fur angewandte Systemanalyse,2
478,Institute For Advanced Study,2
1165,University of Wisconsin-Eau Claire,2
1163,University of West Florida,2
116,"Bermuda Institute of Ocean Sciences (BIOS), Inc.",2
113,Bennington College,2
109,Bellevue College,2
474,Indiana Institute of Technology,2
356,Fisk University,2
354,"Fenley, Andreia",2
353,Federation of American Scientists,2
352,Federation of Amer Societies For Exper Biology,2
351,Fayetteville State University,2
346,FRED HUTCHINSON CANCER CENTER,2
158,COMPUTER SCIENCE ALLIANCE,2
155,"CIRCULARITY FUELS, INC.",2
154,"CIRCLE CONCRETE TECH, INC.",2
1117,University of North Georgia,2
1114,University of North Carolina at Wilmington,2
859,SUNY College at Oswego,2
856,SUNY College at New Paltz,2
854,SUNY College at Brockport,2
492,Joan and Sanford I. Weill Medical College of Cornell University,2
258,Coppin State University,2
215,Chicago Horticultural Society,2
256,"Connop, Charlotte H",2
194,Cankdeska Cikana Community College,2
192,Campbell University,2
188,California State University-Fresno Foundation,2
1037,University of Arkansas at Pine Bluff,2
339,FEMTOFLUIDICS INCORPORATED,2
333,Endicott College,2
331,Emmanuel College,2
325,Elizabeth City State University,2
307,ELITE NEURO INC,2
302,"EARNEST AGRICULTURE, INC.",2
323,Education Development Center,2
311,"ENDEAVOR COMPOSITES, INC.",2
173,CUNY Kingsborough Community College,2
170,CUNY Graduate School University Center,2
253,Concord University,2
252,Concord Consortium,2
248,Colorado State University-Pueblo,2
846,SOSTOS LLC,2
844,SMARTCHARTS INC.,2
513,Kenyon College,2
507,"Keen, Rachel M",2
1184,Vassar College,2
1181,"Van Etten, Julia",2
100,Ball State University,2
88,"BBC Studios Americas, Inc.",2
87,Austin Community College,2
85,Augsburg University,2
1172,University of the District of Columbia,2
1170,University of Wisconsin-Whitewater,2
821,Rollins College,2
816,"Roberts, Miles David",2
812,Reuben H. Fleet Science Center,2
530,"LYOWAVE, INC",2
528,LUMINOVA BIOTECH LLC,2
526,LONG ISLAND CHILDREN'S MUSEUM,2
523,LF PRINTECH LLC,2
517,King's College,2
804,Regis College,2
799,Reed College,2
794,"RUTGERS, THE STATE UNIVERSITY OF NEW JERSEY",2
548,Lincoln University,2
537,Landmark College,2
536,"Lamman, Claire",2
782,"REDPOINT ONCOLOGY, INC.",2
772,Predictive Science Incorporated,2
763,"Pendergrass, Andrew",2
761,"Palos, Etienne I",2
208,Central Piedmont Community College,2
207,Central New Mexico Community College,2
205,Central Community College,2
199,Carthage College,2
198,"Carter, Brandon",2
280,Data & Society Research Institute,2
277,Dakota State University,2
1058,University of Dayton,2
1057,University of Dallas,2
187,California State University-Dominguez Hills Foundation,2
184,California State L A University Auxiliary Services Inc.,2
564,MAGNOLIA ELECTRONICS INC,2
563,"M3SIM, LLC",2
562,"M3D, INC.",2
561,Lygos Inc.,2
555,Louisiana State University Agricultural Center,2
56,American Institute of Mathematics,2
53,American Educational Research Association,2
84,Auburn University at Montgomery,2
77,Aspen Global Change Institute,2
73,"Archbold Expeditions, Inc.",2
72,Arapahoe Community College,2
553,Louisiana Board of Regents,2
551,Lorain County Community College,2
549,Long Island University,2
753,"PRINCETON CRITICAL MINERALS, INC.",2
750,"PLEXYMER, INC.",2
742,PHAGE REFINERY LLC,2
574,"METROLAB NETWORK, INC.",2
570,"MEDMICROMAPS, LLC",2
568,MATTIQ INC,2
565,MAGSORBEO BIOMEDICAL CORP,2
739,"PALENA THERAPEUTICS, INC.",2
733,Ohio University,2
732,Oglala Lakota College,2
727,OUTER COAST,2
725,"ORTHOMECHANICA, INC.",2
594,Marion Technical College,2
593,Marine Environmental Sciences Consortium,2
591,Manhattanville College,2
590,Maine Mathematics and Science Alliance,2
587,Macalester College,2
586,MULTITARGA LLC,2
582,MOLLOY UNIVERSITY,2
721,OM THERAPEUTICS INC.,2
720,OKLAHOMA STATE REGENTS FOR HIGHER EDUCATION,2
607,Mathematical Association of America,2
606,Materials Research Society,2
597,"Marshall Reber, James",2
39,Air Force Institute of Tech,2
38,Agnes Scott College,2
1204,Wellesley College,2
1203,"Wedel, Emily R",2
1202,Wayne State University,2
1201,Washington and Lee University,2
1197,Walla Walla University,2
1196,"Walker, Samantha",2
1192,WHITE DWARF RESEARCH CORP,2
66,"Anderson, Amy Susan",2
704,Northeastern Illinois University,2
698,North Carolina Central University,2
695,"Nonnamaker, Emily",2
694,"Nolte, Alexander David",2
32,"Achenjang, Niven",2
647,"Moses, David",2
646,"Morris, Benjamin",2
1218,Widener University,2
44,Albany State University,2
635,Monmouth College,2
657,NATIONAL SCIENCE POLICY NETWORK,2
655,"NANODESK, LLC",2
650,Mount Saint Mary's University,2
649,Mount Marty College,2
648,Motlow State Community College,2
209,Central State University,2
625,Millersville University,2
624,Miles College,2
623,Midwestern University,2
622,Middlebury College,2
1219,Wilkes University,2
1216,Whitworth University,2
1213,Western Kentucky University,2
1211,Western Carolina University,2
669,"Naik, Abhishek T",2
668,NUETA HIDATSA SAHNISH COLLEGE,2
664,NOVAURUM BIOSCIENCES INCORPORATED,2
1230,X-SIGHT INCORPORATED,2
25,ARZEDA Corp.,2
237,Cold Spring Harbor Laboratory,2
236,Colby College,2
235,Coastal Carolina University,2
692,New York University Medical Center,2
681,Nazareth College of Rochester,2
0,"3VO MEDICAL, INC",1
5,"ACADEMIC WEB PAGES, INC.",1
6,"ACROSS AI, INC",1
7,ADIALANTE L.L.C.,1
8,ADVANCED CARPET RECYCLING LLC,1
10,AFFERENCE INC,1
11,AI LINEAR INC.,1
12,ALAMO COMMUNITY COLLEGE DISTRICT - St. Philip's College,1
14,"AMPHIX BIO, INC.",1
15,AMRF LLC,1
17,"ANOVA BIOMEDICAL, INC.",1
18,ANTELOPE VALLEY UNION HIGH SCHOOL DISTRICT,1
19,ANVIL DIAGNOSTICS INC.,1
22,"ARINNA, INC",1
21,ARCLET LLC,1
52,American Council of Learned Societies,1
49,Alverno College,1
48,Alma College,1
47,Allen Institute,1
45,Alcorn State University,1
43,Alamo Community College District Northeast Lakeview College,1
40,"Akopyan, Maria",1
37,Aerospace Corporation,1
1198,Washington College,1
1195,Wake Forest University School of Medicine,1
1193,"WINDOW THERAPEUTICS, INC.",1
1191,WGBH Educational Foundation,1
1190,WAVE LUMINA LLC,1
1189,Virginia Wesleyan University,1
678,NatureServe,1
677,National University,1
637,Monroe Community College,1
636,Monmouth University,1
632,Missouri Botanical Garden,1
630,Minot State University,1
629,"Minnesota State University, Mankato",1
660,NEXTGENEDU INC,1
659,"NEW GROWTH INNOVATION NETWORK, INC",1
658,"ND-DIAGENOMIX, INC.",1
656,NANORES LLC,1
654,"NAMAKA ALGAE, INC",1
653,Murray State University,1
652,Muhlenberg College,1
651,Mozilla Foundation,1
676,National Postdoctoral Association,1
703,Northeast State Technical Community College,1
702,NorthWest Arkansas Community College,1
700,North Central College,1
696,Norfolk State University,1
693,"Nicholas, Jonathan",1
628,Minneapolis Community and Technical College,1
627,Milwaukee Public Museum,1
626,Millsaps College,1
616,Metropolitan College of New York,1
615,Messiah College,1
614,Menlo College,1
689,New York Genome Center,1
686,New Mexico Consortium,1
684,New College of Florida,1
682,"Neitzey, Michelle",1
679,Naugatuck Valley Community College,1
716,OAKGROVE BIO LLC,1
715,"O'Brien, Connor",1
712,Northwest Missouri State University,1
711,Northwest Indian College,1
710,Northland Community & Technical College,1
611,"McShea, Hanon",1
610,"McCullough, Jenna Merle",1
609,Mayo Clinic Rochester,1
608,Mathematical Sciences Research Institute,1
604,Massachusetts General Hospital,1
603,Massachusetts Eye and Ear Infirmary,1
602,Marymount University,1
601,"Marx-Kuo, Jared",1
600,"Martin, Galen",1
599,"Martin, Bruce Stagg",1
708,Northern Kentucky University,1
566,"MANA BATTERY, INC.",1
740,PERATON LABS INC,1
737,Oregon Research Institute,1
728,OWLFLY,1
726,OTORO ENERGY INC,1
595,Marist College,1
589,"Magee, Lukas",1
585,"MOTMOT, INC.",1
584,MORNINGSIDE UNIVERSITY,1
583,MONGO APP INC.,1
581,"MOLECULAR INTERFACES, LLC",1
724,OPTIC FRINGE CORP.,1
723,"OPERA BIOSCIENCE, INC.",1
722,"ONE SPOT LEARNING, INC.",1
718,OFM Research,1
717,OBEEWAN TECHNOLOGIES INC,1
747,PIKE ROBOTICS INC.,1
746,"PIERSICA, INC.",1
745,PHOTONECT INTERCONNECT SOLUTIONS INC,1
744,"PHLUX TECHNOLOGIES, INC.",1
743,"PHAXTEC, INC.",1
741,"PERCEPTRA TECHNOLOGIES, INC.",1
580,"MIXTA RE, INC",1
579,MINNESOTA STATE COLLEGES AND UNIVERSITIES,1
578,"MINDTRACE TECHNOLOGIES, INC.",1
577,MICROPURE GENOMICS INC.,1
576,"MICRO-GRX, INCORPORATED",1
573,"METEORA3D, INCORPORATED",1
572,MESPILUS INC.,1
571,MERIT STRATEGY LLC,1
569,MEDIMINT,1
567,"MARK O'NEILL, LLC",1
762,Pasadena City College,1
760,Palomar College,1
759,Palm Beach State College,1
758,PUMPKINSEED TECHNOLOGIES INC,1
757,"PUERTO RICO SCIENCE, TECHNOLOGY AND RESEARCH TRUST",1
558,"Loyd, Kaitlyn F",1
557,Lovelace Institutes,1
552,Los Angeles Mission College,1
550,"Lopez, Marco Antonio",1
756,PSL FOUNDATION,1
755,"PROMPT DIAGNOSTICS, INC.",1
754,PRISSEM ACADEMIC SERVICES LLC,1
752,"PRIMARY BIOSCIENCE, INC.",1
751,PRAG LLC,1
749,PLANETTE ANALYTICS INC,1
748,PINWHEEL SOLAR LLC,1
533,Lafayette College,1
788,"REVIVBIO, INC",1
787,REVA X-RAY SYSTEMS CORPORATION,1
786,"RESONANTIA DIAGNOSTICS, INC.",1
785,RESILITIX INTELLIGENCE LLC,1
784,"RELAI, INC.",1
783,REHABNETICS MEDICAL LLC,1
781,"RAVEL HOLDINGS, INC.",1
780,"RAPICURE SOLUTIONS, INC.",1
779,RAINBOW HOSPITALITY LLC,1
778,QUANTUM METROLOGY,1
777,"QUANTUM COPPER, INC.",1
771,Pratt Institute,1
770,"Prall, Wil",1
766,Perot Museum of Nature and Science,1
765,Pensacola Junior College,1
795,"Raghavendran, Surya",1
793,RUSHNU INC,1
792,RT MICRODX INC.,1
791,ROWLAND ROBERT REEVES,1
790,ROWBOT SYSTEMS LLC,1
789,RIPPLE EFFECT WATER LITERACY PROJECT,1
547,"Lewis, Briley Lynn",1
546,Lewis and Clark College,1
545,"Levy, Drew",1
544,"Leng, James",1
542,Lawson State Community College,1
540,Las Cumbres Observatory Global Telescope Network,1
539,"Larsen, Tyler J",1
538,"Langharst, Dylan Jacob",1
535,Lake Pontchartrain Basin Foundation,1
534,Lake Forest College,1
808,Research Foundation Of The City University Of New York (Lehman),1
807,Research Foundation For Mental Hygiene Inc,1
806,Research Foundation CUNY - Advanced Science Research Center,1
532,Lac Courte Oreilles Ojibwa Community College,1
531,La Sierra University,1
529,"LUTRIS, INC.",1
527,"LUCA AI, LLC",1
525,LOGISTICS MANAGEMENT INSTITUTE,1
524,"LIFELAB STUDIOS, INC.",1
522,LEAP PHOTONICS INC.,1
521,LAVO LIFE SCIENCES INC,1
520,LASER GRAPHICTRONICS LLC,1
519,Koliber Biosciences Inc.,1
518,Klamath Community College,1
798,"Ray, Courtenay A",1
796,"Raman, Sidhanth",1
832,SAMSAT,1
831,"SALIENT PREDICTIONS, INC.",1
830,"SAKURA SOFTWARE SOLUTIONS, LLC",1
829,"Rutkowski, Danielle",1
826,Rutgers University Camden,1
825,Rowe                    Amanda         K,1
823,Rose-Hulman Institute of Technology,1
822,Roosevelt University,1
820,Roger Williams University,1
817,"Robotis, Antonios-Alexan",1
815,Roanoke College,1
814,"Ritter, Eleanore Jeanne",1
813,"Reyes-Rivera, Josean",1
811,Restore America's Estuaries,1
810,Research Triangle Institute,1
809,Research Foundation of the State University of New York,1
840,"SENTIRE MEDICAL SYSTEMS, INC.",1
839,"SELIGHT, LLC",1
838,SEIA BIO INC,1
837,"SEGMEDIX, CO.",1
516,"Kim, Yujin H",1
515,"Kim, Jisoo",1
512,Kentucky State University,1
511,Kentucky Science & Technology Corporation,1
504,Kansas City Kansas Community College,1
503,"Kaczmarek, Elska B",1
502,KHEMIA METALS INC,1
501,"KAYA FERTILIZERS, LLC",1
836,SEABIRD LIFESCIENCES LLC,1
835,"SEA-GAL TECHNOLOGIES, INC.",1
834,SCORPIDO PHOTONICS,1
833,SANGTERA INC,1
498,"Jones, Samuel E I",1
497,"Jolly, Amber R",1
496,Joliet Junior College,1
495,Johnson County Community College,1
491,"Jimenez Polo, Harold",1
490,"Jeznach, Cole",1
489,"Jennings, Sarah L",1
487,"Jackson, India",1
485,"JUNIPERO THERAPEUTICS, INC.",1
852,SUBMARINE SCIENTIFIC LLC,1
851,STEM RESOURCES LLC,1
850,STELLAR ENGIINE,1
849,"STEADI SYSTEMS, LLC",1
845,"SOL ROBOTICS, INC.",1
843,SINGLE CRYSTAL DIAMOND INC,1
842,SIMMBION LLC,1
870,"SURGICAL VISION SYSTEMS, INC.",1
869,SUPERIOR NANO LLC,1
484,"JULIA JEAN, LLC",1
479,Inter American University of Puerto Rico San Juan,1
477,Indiana Wesleyan University,1
475,Indiana State University,1
473,"ImageCat, Inc.",1
469,"ISLEX THERAPEUTICS, LLC",1
868,SUPERBLOOM DESIGN,1
861,SUNY College at Purchase,1
860,SUNY College at Plattsburgh,1
858,SUNY College at Oneonta,1
855,SUNY College at Geneseo,1
853,SUNY Adirondack,1
500,"KAPHA BIO, INC.",1
499,KAI TECH LLC,1
454,"ILLUMINANT SURGICAL, INC.",1
453,IIAM CORPORATION,1
900,Simpson College,1
899,"Simonis, Molly C",1
898,Silvis Materials,1
897,"Silver-Gorges, Ian Michael",1
896,"Short, Aidan William",1
895,Shoreline Community College,1
894,"Shaheen, Samuel",1
893,Sesame Workshop,1
887,"Schulz, Aimee J",1
886,"Sarro, Erica",1
879,Salisbury University,1
878,"Saldivar, Jolene Antonette",1
872,SYNTOPA INC.,1
871,SUSTAINABLE MANUFACTURING INNOVATION ALLIANCE CORP.,1
914,South Texas College,1
911,South Central College,1
909,Society of Manufacturing Engineers,1
906,"Smith, Sierra N",1
903,Skidmore College,1
902,"Sisk, Lucinda M",1
468,IRRADIANT SENSING CORPORATION,1
467,IRONSIDES MEDICAL INC,1
466,IONICSCALE LLC,1
463,INTELLISAFE ANALYTICS LLC,1
462,"INSU HEALTH DESIGN, INC.",1
461,"INSIGNA, INC.",1
460,"INNOTECH PRECISION MEDICINE, INC",1
459,"INFORMUTA, INC.",1
458,INERTIAL CORPORATION,1
457,INCUENTRO LLC,1
425,HYPOGENICA LLC,1
424,HYPERION TECHNOLOGIES LLC,1
422,HPLUS INC,1
421,HELIX EARTH TECHNOLOGIES INC,1
451,ICOSA COMPUTING,1
450,ICORIUM ENGINEERING COMPANY,1
449,"Hurtado, Omar",1
448,Human Frontier Science Program,1
447,HudsonAlpha Institute for Biotechnology,1
443,Horizon Research Inc,1
441,Holy Family College,1
440,Hofstra University,1
439,"Hippee, Alaine C",1
438,Highline Community College,1
437,"Heller, Lauren Cranton",1
915,Southern Connecticut State University,1
417,Gustavus Adolphus College,1
416,Gulf of Maine Research Institute,1
414,Great Minds in STEM,1
412,Grand Rapids Community College,1
410,"Graber, Leland Carl",1
409,Governors State University,1
408,Goshen College,1
406,Gonzaga University,1
405,Goeppert LLC,1
932,State University of New York College of Technology at Canton,1
931,Startle Innovation LLC,1
929,St. John Fisher College,1
923,Southwestern University,1
920,Southern University New Orleans,1
432,"Harraz, Deiaa",1
430,"Hankel, Camille",1
958,TUNABOTICS LLC,1
957,TRIANGLE ENVIRONMENTAL HEALTH INITIATIVE LLC,1
956,"TORRE SPACE AND POWER SYSTEMS, L.L.C.",1
955,TMT INTERNATIONAL OBSERVATORY LLC,1
954,"TISSUEFORM, INC.",1
953,THERMOCAP LABORATORIES INC,1
950,"TERRAFERMA FOODS, INC.",1
949,TERRA WATTS INC.,1
947,TAUMAT LLC,1
945,TALK COACHES INC,1
944,"T33 DENTAL, INC.",1
940,"Sussman, Ethan W",1
939,"Sukhdeo, Raymond",1
938,Suffolk University,1
937,Suffolk Community College,1
935,Stevenson University,1
980,The College Board,1
979,The Children's Hospital of Philadelphia,1
976,Texas Tech University Health Science Center,1
973,Texas Southern University,1
969,Texas A&M University - Central Texas,1
967,Texas A&M Research Foundation,1
404,Gloucester Marine Genomics Institute,1
403,Glendale Community College,1
402,"Girouard-Hallam, Lauren Nicole",1
401,"Giles, Sarah Marie",1
399,Germanna Community College,1
394,Georgia Gwinnett College,1
393,Georgia College,1
389,"Gaynor, Michelle L",1
964,Tennessee Wesleyan College,1
959,TURBO POWER SEMICONDUCTOR INC.,1
371,Front Range Community College,1
368,Franklin W. Olin College of Engineering,1
367,"Fowler, Joshua Clark",1
359,Florida Gulf Coast University,1
388,"Galt, Dylan",1
386,"GRID MODERNIZATION SOLUTIONS, L.L.C.",1
385,"GRAYSKYTECH, INC",1
384,GRAPHENETX INC,1
383,"GRANTED ADVISORS, LLC",1
382,GMTO CORPORATION,1
381,GLOW THERAPEUTICS INC.,1
380,GIWOTECH INC.,1
378,GEMINATIO INC.,1
377,GELASTOMERICS LLC,1
376,GALVANIX INC.,1
374,"GAIA AI, INC",1
1006,Trivium Consulting,1
1004,Trinity College,1
1003,Trinity Christian College,1
1002,Trident Technical College,1
1000,"Tovar Mendoza, Guadalupe",1
999,Tougaloo College,1
998,"Torkelson, Gregory Quigley",1
997,"Tiptek, LLC",1
996,Tides Center,1
995,Three3,1
994,Thomas Jefferson University,1
993,The Water Institute of the Gulf,1
990,The University of Louisiana at Monroe,1
983,The New York City Foundation for Computer Science Education,1
982,The J. David Gladstone Institutes,1
372,Fullerton College,1
1016,UNIVERSITY OF PUERTO RICO AT CAROLINA,1
1015,UNITED STATES COAST GUARD ACADEMY SPONSORED PROGRAMS AND RESEARC,1
1014,"ULTINAT, INC.",1
355,Field Museum of Natural History,1
350,"Farrant, Damien NƒÅkoa",1
349,Farallon Institute for Advanced Ecosystem Research,1
348,Fairleigh Dickinson University,1
347,FRONTLINE BIOTECHNOLOGIES INC.,1
345,"FOURTH POWER, INC.",1
344,"FORAGR MEDICINES, INC",1
343,FLUID REALITY INCORPORATED,1
342,"FLORIDA ASSOCIATION FOR NANOBIOTECHNOLOGY, INC",1
341,FITOTO TECHNOLOGIES INC.,1
1012,Turtle Mountain Community College,1
1011,"Tuninetti, Amaro",1
1007,Troy University,1
309,ENCAPSULATE LLC,1
1039,"University of California, Office of the President, Oakland",1
1036,University of Arkansas Agricultural Experiment Station,1
340,FIELD PROPULSION TECHNONOGIES INC.,1
338,FA7001 USAFA OFC OF RSRCH USAFA DF,1
337,Evergreen Valley College,1
336,Erie Community College,1
335,"Engineering Conferences International, Inc.",1
334,Engineering Biology Research Consortium,1
330,Emerson College,1
328,"Elsevier, Inc.",1
327,Elon University,1
326,Elizabethtown College,1
1023,University Corporation at Monterey Bay,1
1021,United Tribes Technical College,1
1018,UTAH TECH UNIVERSITY,1
301,E-ROOTREE LLC,1
297,Drake University,1
296,"Doolin, Margaret Louise",1
295,"Donohue, Mariah E",1
293,Dominican University,1
324,Elaine P. Nunez Community College,1
322,Edmonds Community College,1
321,Eckerd College,1
320,Eastern Washington University,1
318,Eastern Mennonite University,1
316,"Earl, Alexis D",1
315,"EXIGENT SOLUTIONS, INC.",1
314,"EVOLVE GENOMIX, INC.",1
313,"ENGINEERING FOR US ALL, INC.",1
312,ENDURA THERAPEUTICS INC,1
310,ENCORE CO2 LLC,1
264,"Crisostomo, Steven",1
262,"Creedon, Ryan Patrick",1
1073,University of Indianapolis,1
1071,University of Illinois at Springfield,1
292,Documentary Educational Resources,1
291,Dine College,1
287,Denver Museum of Nature and Science,1
286,Delgado Community College,1
281,"Davenport, Elizabeth Sarah",1
278,"Daly, Kiara Andrea",1
1054,University of Colorado at Colorado Springs,1
308,EMODE PHOTONIX LLC,1
306,"ELATEQ, INC.",1
305,EDNA INC.,1
304,ECHO MIND AI CORP.,1
303,"EASCRA BIOTECH, INC.",1
257,"Cooper, Olivia",1
255,Connecticut College,1
254,Conference Board Math Sciences,1
250,Computational Physics Inc,1
276,Daemen College,1
275,"DYNOCARDIA, INC.",1
274,"DUET BIOSYSTEMS, INC",1
273,"DRIVE THERAPEUTICS, L.L.C.",1
272,DOCARE LLC,1
271,DIRECT KINETIC SOLUTIONS LLC,1
270,"DIGITAL COPILOT, INC.",1
269,"DIFFRACT TECHNOLOGY, INC.",1
268,DESIGNER ECOSYSTEMS LLC,1
267,DELAQUA PHARMACEUTICALS INC,1
266,DAYZERO WATER LLC,1
265,DATA ELEVATE LLC,1
222,"Ciesla, Jessica H",1
221,Christopher Newport University,1
220,"Chong, Trisha N",1
219,Children's Hospital Los Angeles,1
218,Child Trends Inc,1
217,Chico State Enterprises,1
214,Chemeketa Community College,1
213,Chatham College,1
1083,University of Maryland at Baltimore,1
244,College of the Menominee Nation,1
241,College of William & Mary Virginia Institute of Marine Science,1
240,College of Saint Benedict,1
233,Cleveland Museum of Natural History,1
232,Cleveland Clinic Foundation,1
230,"Clemente, Seanne",1
260,Corning Community College,1
176,"Cagan, David Abraham",1
175,CUNY York College,1
171,CUNY Hostos Community College,1
165,"CRYSTAL SONIC, INC.",1
193,Campbellsville University,1
191,Calvin University,1
185,California State University San Marcos Corporation,1
182,California Lutheran University,1
1108,University of North Alabama,1
1107,University of New Orleans,1
212,Charleston Southern Univ,1
206,Central Michigan University,1
204,Center for Strategic and International Studies Inc,1
202,"Caspi, Tal",1
228,"Clark, Meaghan I",1
224,Claflin University,1
161,CPR THERAPEUTICS INC.,1
160,CORLENS INC.,1
159,CORE BIOTHERAPEUTICS INC,1
157,"COMMUNICATION SERVICE FOR THE DEAF, INC.",1
156,"COHERENT PHOTONICS, LIMITED LIABILITY COMPANY",1
153,"CICADEA BIOTECH, LLC",1
152,CHROMATIR TECHNOLOGIES LLC,1
151,"CENTER ON RURAL INNOVATION, INC",1
150,CELLECHO INC,1
149,"CAST, Inc.",1
1121,University of Oklahoma Health Sciences Center,1
1113,University of North Carolina at Pembroke,1
1110,University of North Carolina at Asheville,1
180,California Association for Research in Astronomy,1
179,California Academy of Sciences,1
178,"Calamari, Emily",1
122,"Black, Adam",1
121,Black Hills State University,1
120,"BioQUEST Curriculum Consortium, Inc",1
118,"Bhatnagar, Tejasi",1
117,Beth Israel Deaconess Medical Center,1
148,CASCADE BIOCATALYSTS INC.,1
147,CAMBRIDGE TERAHERTZ INC,1
146,"CALI'S BOOKS, LLC",1
144,"Burcroff, Amanda",1
138,"Bristol, Katie",1
137,"Bright, Jane C",1
1136,University of San Francisco,1
1128,University of Puerto Rico Medical Sciences Campus,1
1126,University of Portland,1
164,CRYPTO TUTORS LLC,1
162,CROOKES RESEARCH LLC,1
1169,University of Wisconsin-Stout,1
1168,University of Wisconsin-Oshkosh,1
1164,University of West Georgia,1
115,Berkeley Geochronology Center,1
114,"Bergey, Claire Augusta",1
112,Benedictine University,1
111,Benedict College,1
110,Bemidji State University,1
108,Beckman Research Institute City of Hope,1
106,Baylor College of Medicine,1
102,"Barkley, Grant",1
101,Bard College,1
1149,University of Texas Southwestern Medical Center,1
1148,University of Texas Medical Branch at Galveston,1
1145,University of Tampa,1
128,"Borowsky, Alexander Thomas",1
1180,Valparaiso University,1
1179,VIVOSPHERE LLC,1
1178,"VITIDORE, INC.",1
1177,"VICTORY OVER CARBON, INC.",1
1174,Urban Institute,1
99,Babson College,1
97,"BRIGHTLIGHT PHOTONICS, INC",1
96,BRIDGEWATER STATE UNIVERSITY,1
95,BLUESTEM BIOSCIENCES INC,1
94,BIRED IMAGING INC,1
93,"BIRCH BIOSCIENCES, LLC",1
92,BIOIMAGINIX LLC,1
91,BIODYNAMIK,1
90,BIODEVEK INC,1
89,BEAMFEED LLC,1
86,Augustana College,1
68,"Anele, Anuoluwapo O",1
67,"Anderson, Nolan Thomas",1
63,American Society For Engineering Education,1
62,American Samoa Community College,1
61,American Psychological Assoc,1
60,American Physical Society,1
58,American Mathematical Society,1
82,Atomnaut Inc.,1
81,Atlantic Cape Community College,1
80,"Association of Universities for Research in Astronomy, Inc.",1
79,Association of Science-Technology Centers,1
76,Arkansas Tech University,1
75,Arkansas State University Main Campus,1
70,Antelope Valley College,1
69,Anne Arundel Community College,1
1183,Vanderbilt University Medical Center,1
1221,William Paterson University,1
1,A CUBED DESIGN LLC,1
2,AALMV INC.,1
1241,Yukon River Inter-Tribal Watershed Council,1
1240,Youngstown State University,1
3,"ABSCO THERAPEUTICS, INC.",1
1238,"Yap-Chiongco, Meghan K",1
4,"ABSTRACTIVE HEALTH, INC.",1
1212,Western Colorado University,1
35,Adler Planetarium,1
33,"Ackerman, Katherine Louise",1
30,AXPRO SEMI,1
29,AUXILIUM HEALTH INC,1
28,ATRILITY MEDICAL LLC,1
27,ASTERION AI INC.,1
26,ASTEK DIAGNOSTICS LLC,1
674,National Collegiate Inventors and Innovators Alliance,1
673,National Center for Genome Resources,1
670,"Nakashima, Whitney",1
667,NUCLEON POWER INC,1
666,"NOVOZYMES, INC",1
665,"NOVINEER, INC.",1
663,NOVATECH INNOVATIONS LLC,1
662,NJEDge.Net,1
661,NEXUMA L.L.C.,1
1236,"Yakir, Oren Shimon",1
1235,"YEBOAH, AMY",1
1234,"Xu, Cong",1
1232,XN HEALTH INC.,1
1231,XHEME INC.,1
1225,"Woo, Katharine Huiwen",1
1224,Winthrop University,1
